danceability,energy,key,loudness,mode,speechiness,acousticness,instrumentalness,liveness,valence,tempo,type,id,uri,track_href,analysis_url,duration_ms,time_signature
0.772,0.685,5,-6.849,1,0.0696,0.019,8.96e-05,0.131,0.501,130.033,audio_features,2iJuuzV8P9Yz0VSurttIV5,spotify:track:2iJuuzV8P9Yz0VSurttIV5,https://api.spotify.com/v1/tracks/2iJuuzV8P9Yz0VSurttIV5,https://api.spotify.com/v1/audio-analysis/2iJuuzV8P9Yz0VSurttIV5,283400,4
0.596,0.856,4,-3.556,0,0.0346,0.0211,0.0178,0.141,0.743,127.949,audio_features,6YUTL4dYpB9xZO5qExPf05,spotify:track:6YUTL4dYpB9xZO5qExPf05,https://api.spotify.com/v1/tracks/6YUTL4dYpB9xZO5qExPf05,https://api.spotify.com/v1/audio-analysis/6YUTL4dYpB9xZO5qExPf05,222533,4
0.734,0.766,1,-4.485,1,0.0383,0.025,0.00138,0.108,0.6,127.986,audio_features,6qn9YLKt13AGvpq9jfO8py,spotify:track:6qn9YLKt13AGvpq9jfO8py,https://api.spotify.com/v1/tracks/6qn9YLKt13AGvpq9jfO8py,https://api.spotify.com/v1/audio-analysis/6qn9YLKt13AGvpq9jfO8py,215227,4
0.614,0.857,1,-4.171,0,0.111,0.0987,0.0,0.177,0.677,164.146,audio_features,1rKBOL9kJfX1Y4C3QaOvRH,spotify:track:1rKBOL9kJfX1Y4C3QaOvRH,https://api.spotify.com/v1/tracks/1rKBOL9kJfX1Y4C3QaOvRH,https://api.spotify.com/v1/audio-analysis/1rKBOL9kJfX1Y4C3QaOvRH,201040,4
0.841,0.728,7,-3.37,1,0.0484,0.0847,0.0,0.149,0.43,130.049,audio_features,6gBFPUFcJLzWGx4lenP6h2,spotify:track:6gBFPUFcJLzWGx4lenP6h2,https://api.spotify.com/v1/tracks/6gBFPUFcJLzWGx4lenP6h2,https://api.spotify.com/v1/audio-analysis/6gBFPUFcJLzWGx4lenP6h2,243837,4
0.852,0.797,0,-6.543,1,0.0614,0.322,2.69e-06,0.0845,0.741,96.008,audio_features,228BxWXUYQPJrJYHDLOHkj,spotify:track:228BxWXUYQPJrJYHDLOHkj,https://api.spotify.com/v1/tracks/228BxWXUYQPJrJYHDLOHkj,https://api.spotify.com/v1/audio-analysis/228BxWXUYQPJrJYHDLOHkj,192600,4
0.603,0.72,10,-8.162,0,0.388,0.0558,2e-06,0.175,0.38,100.472,audio_features,3ax46NPMcayblVzLaMu83f,spotify:track:3ax46NPMcayblVzLaMu83f,https://api.spotify.com/v1/tracks/3ax46NPMcayblVzLaMu83f,https://api.spotify.com/v1/audio-analysis/3ax46NPMcayblVzLaMu83f,183564,4
0.613,0.697,2,-8.618,1,0.133,0.0194,0.0,0.332,0.476,122.746,audio_features,0DiWol3AO6WpXZgp0goxAV,spotify:track:0DiWol3AO6WpXZgp0goxAV,https://api.spotify.com/v1/tracks/0DiWol3AO6WpXZgp0goxAV,https://api.spotify.com/v1/audio-analysis/0DiWol3AO6WpXZgp0goxAV,320357,4
0.781,0.526,6,-6.986,0,0.293,0.0633,0.0,0.0457,0.665,94.993,audio_features,7bYZBVrnRfqeaPbhRyEvK3,spotify:track:7bYZBVrnRfqeaPbhRyEvK3,https://api.spotify.com/v1/tracks/7bYZBVrnRfqeaPbhRyEvK3,https://api.spotify.com/v1/audio-analysis/7bYZBVrnRfqeaPbhRyEvK3,235613,4
0.706,0.843,1,-4.277,0,0.0582,0.27,0.0,0.132,0.815,111.945,audio_features,1UglC0beXmI87ubdZgTXbr,spotify:track:1UglC0beXmI87ubdZgTXbr,https://api.spotify.com/v1/tracks/1UglC0beXmI87ubdZgTXbr,https://api.spotify.com/v1/audio-analysis/1UglC0beXmI87ubdZgTXbr,217947,4
0.748,0.524,8,-5.599,1,0.0338,0.414,0.0,0.111,0.661,95.01,audio_features,7BKLCZ1jbUBVqRi2FVlTVw,spotify:track:7BKLCZ1jbUBVqRi2FVlTVw,https://api.spotify.com/v1/tracks/7BKLCZ1jbUBVqRi2FVlTVw,https://api.spotify.com/v1/audio-analysis/7BKLCZ1jbUBVqRi2FVlTVw,244960,4
0.905,0.782,10,-3.604,0,0.164,0.096,0.0,0.0623,0.798,96.055,audio_features,4P6BuLsqtg5uISdE77ypI9,spotify:track:4P6BuLsqtg5uISdE77ypI9,https://api.spotify.com/v1/tracks/4P6BuLsqtg5uISdE77ypI9,https://api.spotify.com/v1/audio-analysis/4P6BuLsqtg5uISdE77ypI9,211293,4
0.811,0.781,11,-6.333,1,0.0428,0.376,0.001,0.121,0.824,107.007,audio_features,6hgoYQDUcPyCz7LcTUHKxa,spotify:track:6hgoYQDUcPyCz7LcTUHKxa,https://api.spotify.com/v1/tracks/6hgoYQDUcPyCz7LcTUHKxa,https://api.spotify.com/v1/audio-analysis/6hgoYQDUcPyCz7LcTUHKxa,219813,4
0.697,0.914,9,-4.559,0,0.117,0.0045,6.35e-05,0.0928,0.491,124.992,audio_features,1oLcBdX94CvaIRzdpTJA8u,spotify:track:1oLcBdX94CvaIRzdpTJA8u,https://api.spotify.com/v1/tracks/1oLcBdX94CvaIRzdpTJA8u,https://api.spotify.com/v1/audio-analysis/1oLcBdX94CvaIRzdpTJA8u,188160,4
0.776,0.798,9,-8.6,0,0.0907,0.01,0.793,0.116,0.428,127.007,audio_features,6ryPKHgiz6MSGJ1wYqn28b,spotify:track:6ryPKHgiz6MSGJ1wYqn28b,https://api.spotify.com/v1/tracks/6ryPKHgiz6MSGJ1wYqn28b,https://api.spotify.com/v1/audio-analysis/6ryPKHgiz6MSGJ1wYqn28b,366142,4
0.722,0.687,0,-5.189,1,0.0556,0.00949,0.00413,0.0462,0.619,128.013,audio_features,5PX4uS1LqlWEPL69phPVQQ,spotify:track:5PX4uS1LqlWEPL69phPVQQ,https://api.spotify.com/v1/tracks/5PX4uS1LqlWEPL69phPVQQ,https://api.spotify.com/v1/audio-analysis/5PX4uS1LqlWEPL69phPVQQ,373627,4
0.664,0.714,7,-6.645,0,0.111,0.0353,8.42e-06,0.0843,0.71,101.969,audio_features,1MtUq6Wp1eQ8PC6BbPCj8P,spotify:track:1MtUq6Wp1eQ8PC6BbPCj8P,https://api.spotify.com/v1/tracks/1MtUq6Wp1eQ8PC6BbPCj8P,https://api.spotify.com/v1/audio-analysis/1MtUq6Wp1eQ8PC6BbPCj8P,197933,4
0.736,0.622,6,-4.653,0,0.133,0.0235,0.0,0.151,0.506,191.971,audio_features,0jAfdqv18goRTUxm3ilRjb,spotify:track:0jAfdqv18goRTUxm3ilRjb,https://api.spotify.com/v1/tracks/0jAfdqv18goRTUxm3ilRjb,https://api.spotify.com/v1/audio-analysis/0jAfdqv18goRTUxm3ilRjb,192779,4
0.727,0.839,2,-4.781,1,0.184,0.01,3.63e-06,0.177,0.338,95.485,audio_features,6Ole34qqbgkZ60IyrcVm7e,spotify:track:6Ole34qqbgkZ60IyrcVm7e,https://api.spotify.com/v1/tracks/6Ole34qqbgkZ60IyrcVm7e,https://api.spotify.com/v1/audio-analysis/6Ole34qqbgkZ60IyrcVm7e,127253,4
0.908,0.621,1,-6.638,0,0.102,0.000282,5.39e-05,0.0958,0.421,150.011,audio_features,7KXjTSCq5nL1LoYtL7XAwS,spotify:track:7KXjTSCq5nL1LoYtL7XAwS,https://api.spotify.com/v1/tracks/7KXjTSCq5nL1LoYtL7XAwS,https://api.spotify.com/v1/audio-analysis/7KXjTSCq5nL1LoYtL7XAwS,177000,4
0.744,0.856,10,-4.115,1,0.084,0.116,0.0,0.328,0.76,145.966,audio_features,4KtoztbBnU8JkP96u0B8HQ,spotify:track:4KtoztbBnU8JkP96u0B8HQ,https://api.spotify.com/v1/tracks/4KtoztbBnU8JkP96u0B8HQ,https://api.spotify.com/v1/audio-analysis/4KtoztbBnU8JkP96u0B8HQ,195832,4
0.76,0.964,2,-5.844,1,0.0577,0.00181,0.703,0.0975,0.643,125.003,audio_features,6ho0GyrWZN3mhi9zVRW7xi,spotify:track:6ho0GyrWZN3mhi9zVRW7xi,https://api.spotify.com/v1/tracks/6ho0GyrWZN3mhi9zVRW7xi,https://api.spotify.com/v1/audio-analysis/6ho0GyrWZN3mhi9zVRW7xi,248036,4
0.814,0.628,7,-7.178,1,0.221,0.167,0.0,0.101,0.677,123.977,audio_features,7mFj0LlWtEJaEigguaWqYh,spotify:track:7mFj0LlWtEJaEigguaWqYh,https://api.spotify.com/v1/tracks/7mFj0LlWtEJaEigguaWqYh,https://api.spotify.com/v1/audio-analysis/7mFj0LlWtEJaEigguaWqYh,201334,4
0.829,0.819,2,-3.43,0,0.131,0.137,0.00792,0.282,0.35,123.944,audio_features,5K09638EBQjVMrZYXA89aC,spotify:track:5K09638EBQjVMrZYXA89aC,https://api.spotify.com/v1/tracks/5K09638EBQjVMrZYXA89aC,https://api.spotify.com/v1/audio-analysis/5K09638EBQjVMrZYXA89aC,199199,4
0.768,0.933,2,-2.95,0,0.0385,0.206,0.915,0.0833,0.245,124.996,audio_features,4qDHt2ClApBBzDAvhNGWFd,spotify:track:4qDHt2ClApBBzDAvhNGWFd,https://api.spotify.com/v1/tracks/4qDHt2ClApBBzDAvhNGWFd,https://api.spotify.com/v1/audio-analysis/4qDHt2ClApBBzDAvhNGWFd,161280,4
0.847,0.69,1,-7.877,0,0.0493,0.0127,6e-05,0.0526,0.692,125.004,audio_features,4zN21mbAuaD0WqtmaTZZeP,spotify:track:4zN21mbAuaD0WqtmaTZZeP,https://api.spotify.com/v1/tracks/4zN21mbAuaD0WqtmaTZZeP,https://api.spotify.com/v1/audio-analysis/4zN21mbAuaD0WqtmaTZZeP,186662,4
0.741,0.787,1,-3.653,1,0.0373,0.0114,0.0,0.261,0.296,122.978,audio_features,3LkWdvgrJtFuM0ZoXKPlpH,spotify:track:3LkWdvgrJtFuM0ZoXKPlpH,https://api.spotify.com/v1/tracks/3LkWdvgrJtFuM0ZoXKPlpH,https://api.spotify.com/v1/audio-analysis/3LkWdvgrJtFuM0ZoXKPlpH,183411,4
0.635,0.946,8,-0.547,1,0.118,0.132,0.0,0.297,0.708,128.064,audio_features,6OiZpa36iNzEmNiVszAkQv,spotify:track:6OiZpa36iNzEmNiVszAkQv,https://api.spotify.com/v1/tracks/6OiZpa36iNzEmNiVszAkQv,https://api.spotify.com/v1/audio-analysis/6OiZpa36iNzEmNiVszAkQv,209062,4
0.362,0.432,2,-9.359,0,0.112,0.0882,0.0,0.264,0.256,81.29,audio_features,1r6qzxz77Tvbrvqd1Q1MIN,spotify:track:1r6qzxz77Tvbrvqd1Q1MIN,https://api.spotify.com/v1/tracks/1r6qzxz77Tvbrvqd1Q1MIN,https://api.spotify.com/v1/audio-analysis/1r6qzxz77Tvbrvqd1Q1MIN,221169,4
0.646,0.823,2,-4.123,0,0.0394,0.213,0.0,0.322,0.418,128.035,audio_features,7MmG8p0F9N3C4AXdK6o6Eb,spotify:track:7MmG8p0F9N3C4AXdK6o6Eb,https://api.spotify.com/v1/tracks/7MmG8p0F9N3C4AXdK6o6Eb,https://api.spotify.com/v1/audio-analysis/7MmG8p0F9N3C4AXdK6o6Eb,227267,4
0.781,0.567,1,-7.857,1,0.0969,0.0504,0.0,0.0981,0.0743,121.964,audio_features,6uTPdRrEDeH8Fyg5L5qmeU,spotify:track:6uTPdRrEDeH8Fyg5L5qmeU,https://api.spotify.com/v1/tracks/6uTPdRrEDeH8Fyg5L5qmeU,https://api.spotify.com/v1/audio-analysis/6uTPdRrEDeH8Fyg5L5qmeU,125902,4
0.506,0.805,1,-4.119,1,0.0469,0.00711,0.00193,0.0856,0.383,126.008,audio_features,46lFttIf5hnUZMGvjK0Wxo,spotify:track:46lFttIf5hnUZMGvjK0Wxo,https://api.spotify.com/v1/tracks/46lFttIf5hnUZMGvjK0Wxo,https://api.spotify.com/v1/audio-analysis/46lFttIf5hnUZMGvjK0Wxo,227074,4
0.665,0.738,0,-5.931,0,0.0379,0.0124,0.00598,0.0923,0.0389,125.037,audio_features,3nEHrvNNtgLv9rneTAYVr4,spotify:track:3nEHrvNNtgLv9rneTAYVr4,https://api.spotify.com/v1/tracks/3nEHrvNNtgLv9rneTAYVr4,https://api.spotify.com/v1/audio-analysis/3nEHrvNNtgLv9rneTAYVr4,214071,4
0.579,0.725,4,-4.1,1,0.0423,0.0702,0.000337,0.12,0.219,127.986,audio_features,6R1ArLLvqPvS3AHg9YgmrQ,spotify:track:6R1ArLLvqPvS3AHg9YgmrQ,https://api.spotify.com/v1/tracks/6R1ArLLvqPvS3AHg9YgmrQ,https://api.spotify.com/v1/audio-analysis/6R1ArLLvqPvS3AHg9YgmrQ,239520,4
0.509,0.781,8,-3.48,1,0.072,0.0398,0.0,0.0749,0.176,128.0,audio_features,60wwxj6Dd9NJlirf84wr2c,spotify:track:60wwxj6Dd9NJlirf84wr2c,https://api.spotify.com/v1/tracks/60wwxj6Dd9NJlirf84wr2c,https://api.spotify.com/v1/audio-analysis/60wwxj6Dd9NJlirf84wr2c,271427,4
0.308,0.769,11,-7.256,0,0.065,0.0331,0.0,0.214,0.488,81.853,audio_features,2stPxcgjdSImK7Gizl8ZUN,spotify:track:2stPxcgjdSImK7Gizl8ZUN,https://api.spotify.com/v1/tracks/2stPxcgjdSImK7Gizl8ZUN,https://api.spotify.com/v1/audio-analysis/2stPxcgjdSImK7Gizl8ZUN,254880,4
0.352,0.911,1,-5.23,1,0.0747,0.00121,0.0,0.0995,0.236,148.033,audio_features,003vvx7Niy0yvhvHt4a68B,spotify:track:003vvx7Niy0yvhvHt4a68B,https://api.spotify.com/v1/tracks/003vvx7Niy0yvhvHt4a68B,https://api.spotify.com/v1/audio-analysis/003vvx7Niy0yvhvHt4a68B,222973,4
0.818,0.799,1,-4.1,0,0.156,0.00107,0.128,0.057,0.0815,100.014,audio_features,67awxiNHNyjMXhVgsHuIrs,spotify:track:67awxiNHNyjMXhVgsHuIrs,https://api.spotify.com/v1/tracks/67awxiNHNyjMXhVgsHuIrs,https://api.spotify.com/v1/audio-analysis/67awxiNHNyjMXhVgsHuIrs,213733,4
